category,mesh_code,pop_total
0_公共交通便利地域,3927,195994
0_公共交通便利地域,4630,29832
0_公共交通便利地域,4730,320639
0_公共交通便利地域,4731,149186
0_公共交通便利地域,4830,86482
0_公共交通便利地域,4831,62597
0_公共交通便利地域,4929,345477
0_公共交通便利地域,4930,740663
0_公共交通便利地域,4931,230130
0_公共交通便利地域,4932,37637
0_公共交通便利地域,4933,11245
0_公共交通便利地域,5029,42196
0_公共交通便利地域,5030,2193437
0_公共交通便利地域,5031,138803
0_公共交通便利地域,5032,357691
0_公共交通便利地域,5033,302050
0_公共交通便利地域,5034,40870
0_公共交通便利地域,5035,74818
0_公共交通便利地域,5036,16197
0_公共交通便利地域,5130,46620
0_公共交通便利地域,5131,190090
0_公共交通便利地域,5132,995842
0_公共交通便利地域,5133,600544
0_公共交通便利地域,5134,455545
0_公共交通便利地域,5135,3695352
0_公共交通便利地域,5136,160035
0_公共交通便利地域,5137,5005
0_公共交通便利地域,5231,8213
0_公共交通便利地域,5232,67446
0_公共交通便利地域,5233,154865
0_公共交通便利地域,5234,695417
0_公共交通便利地域,5235,6883274
0_公共交通便利地域,5236,3144037
0_公共交通便利地域,5237,1373076
0_公共交通便利地域,5238,546386
0_公共交通便利地域,5239,702955
0_公共交通便利地域,5240,37968
0_公共交通便利地域,5332,60478
0_公共交通便利地域,5333,127549
0_公共交通便利地域,5334,86680
0_公共交通便利地域,5335,59380
0_公共交通便利地域,5336,537805
0_公共交通便利地域,5337,244163
0_公共交通便利地域,5338,197798
0_公共交通便利地域,5339,18157241
0_公共交通便利地域,5340,1576177
0_公共交通便利地域,5436,420296
0_公共交通便利地域,5437,211120
0_公共交通便利地域,5438,320908
0_公共交通便利地域,5439,1293049
0_公共交通便利地域,5440,290803
0_公共交通便利地域,5536,79772
0_公共交通便利地域,5537,312784
0_公共交通便利地域,5538,193847
0_公共交通便利地域,5539,60964
0_公共交通便利地域,5540,143662
0_公共交通便利地域,5541,1672
0_公共交通便利地域,5638,220596
0_公共交通便利地域,5639,273931
0_公共交通便利地域,5640,245356
0_公共交通便利地域,5641,700
0_公共交通便利地域,5739,27650
0_公共交通便利地域,5740,794684
0_公共交通便利地域,5741,153281
0_公共交通便利地域,5839,45755
0_公共交通便利地域,5840,51136
0_公共交通便利地域,5841,121096
0_公共交通便利地域,5939,13303
0_公共交通便利地域,5940,127249
0_公共交通便利地域,5941,161403
0_公共交通便利地域,6039,2914
0_公共交通便利地域,6040,138491
0_公共交通便利地域,6041,99284
0_公共交通便利地域,6139,425
0_公共交通便利地域,6140,119516
0_公共交通便利地域,6141,25930
0_公共交通便利地域,6240,127776
0_公共交通便利地域,6340,44569
0_公共交通便利地域,6341,74662
0_公共交通便利地域,6342,14141
0_公共交通便利地域,6440,27911
0_公共交通便利地域,6441,1317276
0_公共交通便利地域,6442,13752
0_公共交通便利地域,6443,43483
0_公共交通便利地域,6444,32409
0_公共交通便利地域,6445,11055
0_公共交通便利地域,6541,36051
0_公共交通便利地域,6542,104907
0_公共交通便利地域,6543,29521
0_公共交通便利地域,6544,14918
0_公共交通便利地域,6545,153
0_公共交通便利地域,6642,18149
0_公共交通便利地域,6643,4384
0_公共交通便利地域,6644,6831
0_公共交通便利地域,6741,4018
0_公共交通便利地域,6742,1786
0_公共交通便利地域,6841,6343
1_公共交通不便地域,3623,1887
1_公共交通不便地域,3624,41399
1_公共交通不便地域,3725,35165
1_公共交通不便地域,3927,900135
1_公共交通不便地域,3928,10318
1_公共交通不便地域,4027,11840
1_公共交通不便地域,4028,3726
1_公共交通不便地域,4128,14694
1_公共交通不便地域,4129,4972
1_公共交通不便地域,4229,48671
1_公共交通不便地域,4530,18380
1_公共交通不便地域,4531,19
1_公共交通不便地域,4630,48027
1_公共交通不便地域,4631,2961
1_公共交通不便地域,4729,3625
1_公共交通不便地域,4730,712711
1_公共交通不便地域,4731,417197
1_公共交通不便地域,4828,6484
1_公共交通不便地域,4829,17273
1_公共交通不便地域,4830,297742
1_公共交通不便地域,4831,195194
1_公共交通不便地域,4928,17205
1_公共交通不便地域,4929,535088
1_公共交通不便地域,4930,1233273
1_公共交通不便地域,4931,504964
1_公共交通不便地域,4932,78361
1_公共交通不便地域,4933,10716
1_公共交通不便地域,4934,7096
1_公共交通不便地域,4939,5921
1_公共交通不便地域,5029,78279
1_公共交通不便地域,5030,2064722
1_公共交通不便地域,5031,275186
1_公共交通不便地域,5032,282281
1_公共交通不便地域,5033,342493
1_公共交通不便地域,5034,54206
1_公共交通不便地域,5035,104721
1_公共交通不便地域,5036,11290
1_公共交通不便地域,5129,20330
1_公共交通不便地域,5130,32912
1_公共交通不便地域,5131,356865
1_公共交通不便地域,5132,934043
1_公共交通不便地域,5133,1086109
1_公共交通不便地域,5134,500061
1_公共交通不便地域,5135,1727523
1_公共交通不便地域,5136,297836
1_公共交通不便地域,5137,32886
1_公共交通不便地域,5138,33732
1_公共交通不便地域,5139,2033
1_公共交通不便地域,5229,736
1_公共交通不便地域,5231,28373
1_公共交通不便地域,5232,110673
1_公共交通不便地域,5233,212078
1_公共交通不便地域,5234,938998
1_公共交通不便地域,5235,3618647
1_公共交通不便地域,5236,2299877
1_公共交通不便地域,5237,2108721
1_公共交通不便地域,5238,1385266
1_公共交通不便地域,5239,723177
1_公共交通不便地域,5240,34306
1_公共交通不便地域,5332,66749
1_公共交通不便地域,5333,311616
1_公共交通不便地域,5334,224188
1_公共交通不便地域,5335,136251
1_公共交通不便地域,5336,977282
1_公共交通不便地域,5337,320304
1_公共交通不便地域,5338,445981
1_公共交通不便地域,5339,10935032
1_公共交通不便地域,5340,1922089
1_公共交通不便地域,5433,9444
1_公共交通不便地域,5435,122
1_公共交通不便地域,5436,835536
1_公共交通不便地域,5437,335053
1_公共交通不便地域,5438,692283
1_公共交通不便地域,5439,2301881
1_公共交通不便地域,5440,940539
1_公共交通不便地域,5536,127241
1_公共交通不便地域,5537,265441
1_公共交通不便地域,5538,334267
1_公共交通不便地域,5539,85021
1_公共交通不便地域,5540,449872
1_公共交通不便地域,5636,13521
1_公共交通不便地域,5637,10860
1_公共交通不便地域,5638,398199
1_公共交通不便地域,5639,608580
1_公共交通不便地域,5640,522802
1_公共交通不便地域,5641,953
1_公共交通不便地域,5738,22032
1_公共交通不便地域,5739,48541
1_公共交通不便地域,5740,1088379
1_公共交通不便地域,5741,171635
1_公共交通不便地域,5839,147415
1_公共交通不便地域,5840,111444
1_公共交通不便地域,5841,299445
1_公共交通不便地域,5939,14537
1_公共交通不便地域,5940,315046
1_公共交通不便地域,5941,332105
1_公共交通不便地域,5942,1641
1_公共交通不便地域,6039,3913
1_公共交通不便地域,6040,224218
1_公共交通不便地域,6041,296830
1_公共交通不便地域,6139,301
1_公共交通不便地域,6140,229001
1_公共交通不便地域,6141,78808
1_公共交通不便地域,6239,974
1_公共交通不便地域,6240,195558
1_公共交通不便地域,6241,11271
1_公共交通不便地域,6339,4691
1_公共交通不便地域,6340,56136
1_公共交通不便地域,6341,162066
1_公共交通不便地域,6342,21026
1_公共交通不便地域,6343,10571
1_公共交通不便地域,6439,126
1_公共交通不便地域,6440,81672
1_公共交通不便地域,6441,1154562
1_公共交通不便地域,6442,13667
1_公共交通不便地域,6443,217743
1_公共交通不便地域,6444,155066
1_公共交通不便地域,6445,6604
1_公共交通不便地域,6540,339
1_公共交通不便地域,6541,62537
1_公共交通不便地域,6542,299402
1_公共交通不便地域,6543,78701
1_公共交通不便地域,6544,50388
1_公共交通不便地域,6545,16096
1_公共交通不便地域,6641,9850
1_公共交通不便地域,6642,33097
1_公共交通不便地域,6643,41725
1_公共交通不便地域,6644,14599
1_公共交通不便地域,6645,2727
1_公共交通不便地域,6741,4448
1_公共交通不便地域,6742,7797
1_公共交通不便地域,6841,24300
1_公共交通不便地域,6842,944
2_公共交通空白地域,3622,870
2_公共交通空白地域,3623,2347
2_公共交通空白地域,3624,6681
2_公共交通空白地域,3724,996
2_公共交通空白地域,3725,17698
2_公共交通空白地域,3741,359
2_公共交通空白地域,3831,1875
2_公共交通空白地域,3926,7183
2_公共交通空白地域,3927,212962
2_公共交通空白地域,3928,3984
2_公共交通空白地域,3942,435
2_公共交通空白地域,4027,6548
2_公共交通空白地域,4028,9748
2_公共交通空白地域,4042,2114
2_公共交通空白地域,4128,10652
2_公共交通空白地域,4129,2618
2_公共交通空白地域,4229,14964
2_公共交通空白地域,4230,1098
2_公共交通空白地域,4329,216
2_公共交通空白地域,4429,523
2_公共交通空白地域,4530,6556
2_公共交通空白地域,4531,651
2_公共交通空白地域,4629,194
2_公共交通空白地域,4630,26141
2_公共交通空白地域,4631,6878
2_公共交通空白地域,4729,286
2_公共交通空白地域,4730,174309
2_公共交通空白地域,4731,140528
2_公共交通空白地域,4828,1368
2_公共交通空白地域,4829,2019
2_公共交通空白地域,4830,199899
2_公共交通空白地域,4831,86687
2_公共交通空白地域,4839,169
2_公共交通空白地域,4928,9067
2_公共交通空白地域,4929,129751
2_公共交通空白地域,4930,669019
2_公共交通空白地域,4931,157647
2_公共交通空白地域,4932,63310
2_公共交通空白地域,4933,3632
2_公共交通空白地域,4934,719
2_公共交通空白地域,4939,1120
2_公共交通空白地域,5029,36726
2_公共交通空白地域,5030,425023
2_公共交通空白地域,5031,117734
2_公共交通空白地域,5032,200563
2_公共交通空白地域,5033,217703
2_公共交通空白地域,5034,47353
2_公共交通空白地域,5035,67984
2_公共交通空白地域,5036,6442
2_公共交通空白地域,5039,323
2_公共交通空白地域,5129,6177
2_公共交通空白地域,5130,18636
2_公共交通空白地域,5131,171699
2_公共交通空白地域,5132,260906
2_公共交通空白地域,5133,686024
2_公共交通空白地域,5134,359220
2_公共交通空白地域,5135,629042
2_公共交通空白地域,5136,133879
2_公共交通空白地域,5137,12077
2_公共交通空白地域,5138,13599
2_公共交通空白地域,5139,4859
2_公共交通空白地域,5229,326
2_公共交通空白地域,5231,6280
2_公共交通空白地域,5232,76856
2_公共交通空白地域,5233,162505
2_公共交通空白地域,5234,353476
2_公共交通空白地域,5235,686039
2_公共交通空白地域,5236,740840
2_公共交通空白地域,5237,732421
2_公共交通空白地域,5238,364336
2_公共交通空白地域,5239,173392
2_公共交通空白地域,5240,42999
2_公共交通空白地域,5332,52211
2_公共交通空白地域,5333,99765
2_公共交通空白地域,5334,48662
2_公共交通空白地域,5335,55027
2_公共交通空白地域,5336,357431
2_公共交通空白地域,5337,245140
2_公共交通空白地域,5338,239114
2_公共交通空白地域,5339,1117791
2_公共交通空白地域,5340,607948
2_公共交通空白地域,5432,1114
2_公共交通空白地域,5433,8043
2_公共交通空白地域,5435,41
2_公共交通空白地域,5436,160635
2_公共交通空白地域,5437,179754
2_公共交通空白地域,5438,323412
2_公共交通空白地域,5439,1423897
2_公共交通空白地域,5440,568997
2_公共交通空白地域,5536,96398
2_公共交通空白地域,5537,136991
2_公共交通空白地域,5538,103646
2_公共交通空白地域,5539,121776
2_公共交通空白地域,5540,307489
2_公共交通空白地域,5541,1948
2_公共交通空白地域,5636,1594
2_公共交通空白地域,5637,10253
2_公共交通空白地域,5638,126620
2_公共交通空白地域,5639,196460
2_公共交通空白地域,5640,356172
2_公共交通空白地域,5641,2961
2_公共交通空白地域,5738,9880
2_公共交通空白地域,5739,53460
2_公共交通空白地域,5740,377669
2_公共交通空白地域,5741,90805
2_公共交通空白地域,5839,77682
2_公共交通空白地域,5840,91190
2_公共交通空白地域,5841,169111
2_公共交通空白地域,5939,3597
2_公共交通空白地域,5940,123109
2_公共交通空白地域,5941,143154
2_公共交通空白地域,5942,224
2_公共交通空白地域,6039,5003
2_公共交通空白地域,6040,87246
2_公共交通空白地域,6041,96213
2_公共交通空白地域,6139,111
2_公共交通空白地域,6140,96385
2_公共交通空白地域,6141,42509
2_公共交通空白地域,6239,69
2_公共交通空白地域,6240,35012
2_公共交通空白地域,6241,3604
2_公共交通空白地域,6243,1040
2_公共交通空白地域,6339,6524
2_公共交通空白地域,6340,24381
2_公共交通空白地域,6341,21480
2_公共交通空白地域,6342,21103
2_公共交通空白地域,6343,9472
2_公共交通空白地域,6439,13
2_公共交通空白地域,6440,29417
2_公共交通空白地域,6441,158874
2_公共交通空白地域,6442,11043
2_公共交通空白地域,6443,33896
2_公共交通空白地域,6444,18217
2_公共交通空白地域,6445,6394
2_公共交通空白地域,6540,35
2_公共交通空白地域,6541,23995
2_公共交通空白地域,6542,50900
2_公共交通空白地域,6543,17380
2_公共交通空白地域,6544,33390
2_公共交通空白地域,6545,7740
2_公共交通空白地域,6641,3311
2_公共交通空白地域,6642,13175
2_公共交通空白地域,6643,11258
2_公共交通空白地域,6644,3524
2_公共交通空白地域,6645,497
2_公共交通空白地域,6741,9281
2_公共交通空白地域,6742,7201
2_公共交通空白地域,6840,185
2_公共交通空白地域,6841,3086
2_公共交通空白地域,6842,91
